"","Q16","ACT","SAT","Neither","Both","no_influence","some_influence","significant_influence"
"1","$125,000-$250,000",27.5,48.75,6.25,17.5,96.1538461538462,2.56410256410256,1.28205128205128
"2","$250,000-$500,000",28.5714285714286,44.2857142857143,12.8571428571429,14.2857142857143,89.5522388059701,5.97014925373134,4.47761194029851
"3","$40,000-$80,000",10.8108108108108,37.8378378378378,45.945945945946,5.40540540540541,52.7777777777778,19.4444444444444,27.7777777777778
"4","$80,000-$125,000",29.3103448275862,41.3793103448276,18.9655172413793,10.3448275862069,71.9298245614035,21.0526315789474,7.01754385964912
"5","Above $500,000",39.4366197183099,40.8450704225352,12.6760563380282,7.04225352112676,91.4285714285714,2.85714285714286,5.71428571428571
"6","Below $40,000",9.09090909090909,13.6363636363636,68.1818181818182,9.09090909090909,31.8181818181818,18.1818181818182,50
