"","Q16","ACT","SAT","Neither","Both","no_influence","some_influence","significant_influence"
"1","Below $40,000",9.09090909090909,13.6363636363636,68.1818181818182,9.09090909090909,31.8181818181818,18.1818181818182,50
"2","$40,000-$80,000",10.8108108108108,37.8378378378378,45.945945945946,5.40540540540541,52.7777777777778,19.4444444444444,27.7777777777778
"3","$80,000-$125,000",29.3103448275862,41.3793103448276,18.9655172413793,10.3448275862069,71.9298245614035,21.0526315789474,7.01754385964912
"4","$250,000-$500,000",28.5714285714286,44.2857142857143,12.8571428571429,14.2857142857143,89.5522388059701,5.97014925373134,4.47761194029851
